date,open,high,low,close,adjusted close,volume,SMA,EMA,NextDayPred,Slopes,NextDayDecrease
2018-03-15,81.91315460205078,82.17117309570312,80.47199249267578,81.34046936035156,76.05258178710938,4779000,77.8290028163365,82.35115739793353,80.37405,0.01829597357487168,1
2018-03-16,81.32158660888672,81.7117691040039,80.41535186767578,80.76148223876953,75.51123046875,11507200,77.88757514953613,82.27361226821822,80.15263,0.006742945599925579,1
2018-03-19,80.5538101196289,81.14537811279297,79.37696838378906,80.05034637451172,74.8463363647461,6069600,77.94210183279854,82.16516027340326,79.891396,-0.00932646510173043,1
2018-03-20,80.0818099975586,80.97545623779297,79.81120300292969,80.0251693725586,74.82278442382812,4472700,77.99527991158622,82.06077047336206,79.58513,-0.032421927965309585,1
2018-03-21,80.00629425048828,80.86846923828125,79.52171325683594,79.92448425292969,74.72864532470703,5542200,78.03258999415806,81.95656138943852,79.23932,-0.058491267876341235,1
2018-03-22,79.33291625976562,79.88671875,77.98615264892578,78.08055114746094,73.00458526611328,7916200,78.05268347603935,81.76748771909816,78.868004,-0.07555938572075682,0
2018-03-23,78.15607452392578,78.74764251708984,76.86595153808594,76.97293853759766,71.9689712524414,6138100,78.06432604108538,81.53360727122009,78.462906,-0.09484655063865953,0
2018-03-26,77.99874114990234,79.84266662597656,77.68407440185547,79.69792175292969,74.51681518554688,18321000,78.10352407182965,81.44406163618153,78.0076,-0.11975658104718293,1
2018-03-27,79.83637237548828,80.66708374023438,78.2630615234375,78.842041015625,73.7165756225586,14319100,78.16677142551967,81.31713380103244,77.54302,-0.1350824055249121,1
2018-03-28,79.24480438232422,79.31403350830078,78.02391815185547,78.31969451904297,73.22818756103516,4961000,78.2334800175258,81.1709172506915,77.104355,-0.14370721110921988,1
2018-03-29,78.60289764404297,79.70421600341797,78.28193664550781,79.18187713623047,74.03430938720703,4509400,78.30468384878976,81.07389090364462,76.712654,-0.14820552652714383,1
2018-04-02,79.07489013671875,79.30144500732422,76.28067779541016,77.7092514038086,72.65741729736328,10481800,78.36730183192662,80.90976214755506,76.39423,-0.1461545841784799,1
2018-04-03,77.77848052978516,78.69100189208984,77.19949340820312,78.60919189453125,73.49885559082031,6045300,78.43594338553292,80.79753920838317,76.143875,-0.14298305556174465,1
2018-04-04,76.22403717041016,79.2259292602539,75.9345474243164,79.15040588378906,74.00489807128906,11538000,78.50746182032994,80.7171912413298,75.9629,-0.13292373739620147,1
2018-04-05,79.57835388183594,79.6727523803711,78.64065551757812,79.14411926269531,73.9990005493164,6481300,78.57704740251813,80.64045602285982,75.85803,-0.12222221018693531,1
2018-04-06,78.4015121459961,79.13153076171875,76.91000366210938,77.25613403320312,72.23375701904297,7077700,78.62029113769532,80.4753671453156,75.83028,-0.11796684493785296,1
2018-04-09,77.94210052490234,78.28193664550781,76.84078216552734,76.91629791259766,71.916015625,5649500,78.6613771711077,80.3017540120123,75.844,-0.11579755542015104,1
2018-04-10,78.06167602539062,78.23788452148438,76.98552703857422,77.38200378417969,72.3514404296875,6561200,78.70718318394252,80.15932717163021,75.85809,-0.11863128337544879,1
2018-04-11,76.94776916503906,77.5959701538086,76.7086181640625,77.06104278564453,72.05134582519531,4164600,78.7467408316476,80.00819134792359,75.85022,-0.12482426439864613,1
2018-04-12,77.4323501586914,77.94839477539062,77.27501678466797,77.56450653076172,72.52208709716797,5136100,78.78787182399205,79.88898721050106,75.80753,-0.12992209936525856,1
2018-04-13,77.90434265136719,78.0364990234375,76.6834487915039,77.22467041015625,72.204345703125,5512200,78.82477733067104,79.7590205373135,75.73611,-0.1371650373714116,1
2018-04-16,77.97357177734375,78.05538177490234,77.30648040771484,77.91693115234375,72.85160064697266,5573200,78.8643350328718,79.66916251853449,75.643654,-0.1429582526484166,1
2018-04-17,78.48961639404297,79.26368713378906,78.13089752197266,78.37004089355469,73.27526092529297,6679200,78.91036573137556,79.60579073195011,75.55028,-0.14012171188723754,1
2018-04-18,78.93014526367188,78.94273376464844,78.14348602294922,78.53996276855469,73.43412780761719,6561200,78.9556772504534,79.5537991239796,75.480865,-0.12583471906334376,1
2018-04-19,78.48332214355469,79.02454376220703,77.50157165527344,77.94210052490234,72.87512969970703,7665400,78.98566017150878,79.47517968012218,75.455025,-0.10893356638076099,1
2018-04-20,78.58401489257812,78.58401489257812,77.09251403808594,77.45751953125,72.42205047607422,8543800,79.01820531572615,79.37675723383573,75.471985,-0.09524334541319306,1
2018-04-23,77.48269653320312,77.72813415527344,77.09251403808594,77.69666290283203,72.6456527709961,5212800,79.05137983049666,79.29480141281117,75.51467,-0.08533467234637279,1
2018-04-24,79.60981750488281,80.11957550048828,76.02265930175781,76.84078216552734,71.84541320800781,12952700,79.07169810703823,79.1750931568461,75.567764,-0.07981615743363722,1
2018-04-25,76.9351806640625,77.40717315673828,75.12271881103516,76.43171691894531,71.46294403076172,7501500,79.08851013183593,79.041269925729,75.60622,-0.08005972773914583,1
2018-04-26,76.46318817138672,78.18753814697266,76.03524017333984,77.29389190673828,72.2690658569336,5698100,79.1118401663644,78.95603197358311,75.6058,-0.08838275720178339,1
2018-04-27,76.9603500366211,77.24983978271484,76.15481567382812,77.06733703613281,72.0572280883789,4609800,79.13112455095563,78.86390051321968,75.56708,-0.09634729393660696,1
2018-04-30,77.11138916015625,77.27501678466797,75.61359405517578,75.61359405517578,70.69800567626953,7058400,79.13975530351911,78.70534897868095,75.49701,-0.10179998795594261,1
2018-05-01,75.51919555664062,75.68282318115234,73.65638732910156,74.86469268798828,69.99779510498047,6588400,79.14123867579869,78.51799989133008,75.384674,-0.108371786452035,0
2018-05-02,74.86469268798828,75.39332580566406,74.37381744384766,74.57520294189453,69.72711944580078,4859300,79.14294684273857,78.32566833282102,75.21356,-0.11877832680018224,0
2018-05-03,73.95846557617188,74.60037994384766,72.6242904663086,74.07174682617188,69.25639343261719,8062700,79.14272210257394,78.11815996664302,74.97494,-0.13296776415497866,0
2018-05-04,73.90182495117188,75.61359405517578,73.41724395751953,75.21082305908203,70.3214111328125,10399300,79.14582377842494,77.97633865407906,74.66727,-0.14820461996737078,1
2018-05-07,75.37445068359375,76.44430541992188,75.31151580810547,76.07929229736328,71.13341522216797,4596500,79.15557834080288,77.88379980741,74.31925,-0.16007053053329875,1
2018-05-08,76.14852142333984,76.67086029052734,75.94713592529297,76.64569091796875,71.66299438476562,4867900,79.168074962071,77.82340425182751,73.979164,-0.1654444411135516,1
2018-05-09,77.0736312866211,77.5393295288086,76.65827941894531,77.47640228271484,72.43971252441406,5643800,79.18493194580078,77.80647732650493,73.6979,-0.15742514004799507,1
2018-05-10,77.69666290283203,78.21900939941406,77.40717315673828,78.09943389892578,73.02222442626953,3715700,79.20704830714635,77.82076789101326,73.522446,-0.13372031728027342,1
2018-05-11,77.99244689941406,78.60919189453125,77.74071502685547,78.33857727050781,73.24583435058594,4318100,79.22947932652065,77.84602688513495,73.48645,-0.10063553601088017,1
2018-05-14,78.28193664550781,79.06859588623047,78.21900939941406,78.65324401855469,73.54005432128906,7024000,79.2476848602295,77.88540333066763,73.60101,-0.06445750059828748,1
2018-05-15,78.2315902709961,78.50849914550781,77.69666290283203,78.38262939453125,73.28701782226562,5377900,79.2641372680664,77.90965826061219,73.85705,-0.029605690131680986,1
2018-05-16,78.68470764160156,78.71617126464844,78.10572814941406,78.52737426757812,73.42236328125,5861800,79.28679302760533,77.93979074875686,74.22167,-0.004483174685113773,1
2018-05-17,78.3448715209961,78.67841339111328,77.91063690185547,78.4203872680664,73.73597717285156,5290800,79.31205596923829,77.96323448140612,74.65268,0.01291956714239545,1
2018-05-18,78.40780639648438,78.9238510131836,78.14348602294922,78.785400390625,74.07918548583984,3670700,79.33570066179549,78.00334013551435,75.104034,0.023231265150466168,1
2018-05-21,79.27627563476562,80.76148223876953,79.27627563476562,80.58527374267578,75.77155303955078,7470000,79.37606746128627,78.12928811635149,75.54029,0.028522846855245514,1
2018-05-22,80.7174301147461,81.20201110839844,80.3272476196289,80.47199249267578,75.66503143310547,6296700,79.41220877511161,78.24356637861122,75.96253,0.0382123067812476,1
2018-05-23,79.82379150390625,80.3838882446289,79.35179138183594,80.28948974609375,75.49342346191406,6370100,79.44736115591867,78.34336751848842,76.372696,0.05127011595367446,1
2018-05-24,80.11328125,80.45941162109375,79.6727523803711,80.17620849609375,75.38690948486328,2916200,79.48008613586425,78.43277439544478,76.764435,0.06528437692420096,1
2018-05-25,80.20767974853516,80.35242462158203,79.62870025634766,79.943359375,75.16798400878906,2749100,79.50512433733259,78.50646146761821,77.12462,0.07912667220164636,1
2018-05-29,79.40213775634766,79.66016387939453,78.40780639648438,78.73505401611328,74.0318374633789,4411200,79.52328491210938,78.51761232364237,77.435555,0.08867565492147866,1
2018-05-30,78.93014526367188,79.70421600341797,78.82945251464844,79.4210205078125,74.67683410644531,4421500,79.5494019644601,78.5616810155531,77.66431,0.08817275634916215,1
2018-05-31,79.15670013427734,79.24480438232422,78.18124389648438,78.55255126953125,73.86023712158203,5430200,79.56769741603307,78.56123566208862,77.80024,0.08009642072265287,1
2018-06-01,79.25739288330078,79.64128112792969,78.842041015625,79.17558288574219,74.44605255126953,4258300,79.59255583626883,78.59120381934002,77.83349,0.062031279672672704,1
2018-06-04,79.54688262939453,80.06922912597656,79.30144500732422,79.4776611328125,74.7301025390625,5114900,79.62815775190082,78.63444563950942,77.777115,0.04667468475537592,1
2018-06-05,79.31403350830078,79.81749725341797,78.75393676757812,79.26368713378906,74.52890014648438,3450100,79.66340005057198,78.66514034654746,77.6585,0.03616768145172771,1
2018-06-06,79.65386962890625,79.81120300292969,79.20075225830078,79.81120300292969,75.04370880126953,4674200,79.70722814287458,78.72104584198074,77.503746,0.02960490060480242,1
2018-06-07,79.81749725341797,80.34613037109375,79.81120300292969,80.28948974609375,75.49342346191406,3993900,79.74669592721122,78.79755530071796,77.34434,0.029618961478375384,1
2018-06-08,79.88042449951172,80.35871887207031,79.77344512939453,80.3083724975586,75.51118469238281,4388500,79.7918276650565,78.87125370056384,77.21243,0.03704024815729821,1
2018-06-11,80.2706069946289,80.93769836425781,80.26432037353516,80.6607894897461,75.8425521850586,6155900,79.8380381992885,78.95854812930445,77.12927,0.044866997180742024,1
2018-06-12,80.9439926147461,81.03209686279297,80.14474487304688,80.45941162109375,75.6531982421875,3989600,79.88892375401088,79.03176098256246,77.108536,0.05626989471057628,1
2018-06-13,80.51604461669922,80.65450286865234,79.82379150390625,79.88671875,75.11470794677734,4458800,79.93639292035785,79.07346623951064,77.14845,0.06427692990855507,1
2018-06-14,80.1384506225586,80.39018249511719,79.4776611328125,79.88671875,75.11470794677734,6260800,79.98089528764997,79.11313709368085,77.22858,0.0677672933559524,1
2018-06-15,79.90560150146484,80.15733337402344,78.9804916381836,79.86784362792969,75.09696960449219,11852000,80.02665634155274,79.14995204657104,77.32558,0.0677141749030582,1
2018-06-18,79.64128112792969,80.29578399658203,79.34549713134766,80.23284912109375,75.440185546875,6185000,80.07421542576381,79.20277629410874,77.41937,0.06262027222672314,1
2018-06-19,79.94965362548828,79.94965362548828,78.49591064453125,78.69729614257812,73.996337890625,9243000,80.10986230032785,79.1781187257414,77.50199,0.056375128974387984,1
2018-06-20,78.97419738769531,79.1126480102539,78.4581527709961,78.89238739013672,74.17976379394531,6264900,80.14425054277693,79.16418061180947,77.54673,0.04480285769596144,1
2018-06-21,78.77910614013672,78.77910614013672,77.52045440673828,77.7092514038086,73.06731414794922,7310300,80.1681649344308,79.09320845532163,77.53841,0.030904300120410788,1
2018-06-22,78.36375427246094,78.75393676757812,78.10572814941406,78.58401489257812,73.88983154296875,6050900,80.18353849138532,79.0683697449439,77.456184,0.013469920411043354,1
2018-06-25,77.91063690185547,78.52737426757812,77.67778778076172,78.4203872680664,73.73597717285156,10027000,80.20372189113073,79.03676084363279,77.30753,-0.0013963157906567534,1
2018-06-26,78.65953063964844,79.5028305053711,78.14348602294922,79.06859588623047,74.34547424316406,8867500,80.22889496939523,79.03831377254,77.10981,-0.015299843913876775,1
2018-06-27,79.54058837890625,80.15733337402344,78.25047302246094,78.2630615234375,73.58804321289062,8265500,80.2471904209682,79.00049658965695,76.8954,-0.02394957463663675,1
2018-06-28,78.05538177490234,78.672119140625,77.7092514038086,78.41410064697266,73.73006439208984,5215800,80.26247411455427,78.97189190952601,76.682274,-0.03002477038186932,1
2018-06-29,78.57772064208984,79.57205963134766,78.55255126953125,78.68470764160156,73.98451232910156,6055500,80.27429646083287,78.95788292084677,76.48529,-0.029265485403883965,1
2018-07-02,77.9546890258789,78.69100189208984,77.47010803222656,78.68470764160156,73.98451232910156,6706600,80.28427576337542,78.94455729746895,76.31908,-0.026818251222270433,1
2018-07-03,79.21334075927734,79.90560150146484,78.51478576660156,78.615478515625,73.91941833496094,3918400,80.29155796595983,78.92850467396435,76.193184,-0.021731145364974537,1
2018-07-05,79.24480438232422,79.24480438232422,77.80994415283203,78.63436126708984,73.93717193603516,5456900,80.29816589355468,78.91415621509243,76.11009,-0.020356791224837183,1
2018-07-06,78.57142639160156,79.20075225830078,78.10572814941406,78.91755676269531,74.20345306396484,3665300,80.30311061314174,78.9143220954633,76.067535,-0.01891791378456833,1
2018-07-09,79.30144500732422,79.9181900024414,79.17558288574219,79.72309875488281,74.96086883544922,5400500,80.31623660496302,78.95377461543498,76.06411,-0.01718013026693478,1
2018-07-10,79.82379150390625,80.6607894897461,79.64757537841797,79.96224212646484,75.18572235107422,5083000,80.32023735046387,79.00296815255838,76.10792,-0.00907304322184153,1
2018-07-11,79.18187713623047,79.18187713623047,78.1749496459961,78.5903091430664,73.89574432373047,5806000,80.31201117379325,78.98283844477828,76.205315,0.0010945013009373953,1
2018-07-12,79.26998138427734,80.23284912109375,78.67841339111328,80.14474487304688,75.35733032226562,7329700,80.3145734514509,79.03951680713284,76.3326,0.006460936282745508,1
2018-07-13,80.2706069946289,81.7117691040039,80.11328125,81.50408935546875,76.6354751586914,7378000,80.32585634504046,79.15973985827118,76.486374,0.014788973262935538,1
2018-07-16,81.5229721069336,82.00125885009766,81.04468536376953,81.17054748535156,76.32185363769531,6454300,80.33336328778948,79.25782803520194,76.68442,0.029764188516884945,1
2018-07-17,81.2964096069336,82.44178771972656,81.2964096069336,82.25928497314453,77.34556579589844,7483700,80.34900654384069,79.40424056876012,76.9312,0.04607010026332859,1
2018-07-18,82.44808197021484,83.47388458251953,82.39144134521484,82.87602233886719,77.92544555664062,5969200,80.36945964268276,79.57359577705803,77.23561,0.0651986891833986,1
2018-07-19,82.65576171875,82.78791809082031,81.98237609863281,82.03901672363281,77.13844299316406,4090200,80.3819562639509,79.69386021347631,77.603134,0.08678930993784963,1
2018-07-20,81.7935791015625,82.42919921875,81.7369384765625,81.97608184814453,77.07927703857422,5109900,80.39157594953265,79.80518809809428,78.01048,0.10693203035281193,1
2018-07-23,81.74323272705078,81.89427185058594,81.101318359375,81.41598510742188,76.5526351928711,6132900,80.39966730390276,79.88376356196392,78.4234,0.12400172493866352,1
2018-07-24,81.27753448486328,84.53744506835938,80.74260711669922,84.48080444335938,79.43438720703125,12897900,80.42699802943639,80.10800945861736,78.79902,0.12636214554826372,1
2018-07-25,84.05286407470703,84.9465103149414,83.38578033447266,84.80176544189453,79.73616027832031,8814900,80.44817041669573,80.33697316511868,79.1535,0.13203180786492968,1
2018-07-26,84.90874481201172,86.00377655029297,84.4178695678711,85.48773193359375,80.38116455078125,9750800,80.47239952087402,80.58822969041015,79.510635,0.1442225190242793,1
2018-07-27,85.90308380126953,85.90308380126953,84.54373931884766,84.6633071899414,79.60598754882812,6031800,80.48570523943219,80.78701395867996,79.89353,0.15983135703746057,1
2018-07-30,84.8583984375,84.98426818847656,83.700439453125,83.76337432861328,78.75981140136719,5871900,80.48696392604283,80.93220226940842,80.2937,0.17601637802083991,1
2018-07-31,84.37381744384766,85.5506591796875,84.32976531982422,85.42479705810547,80.32198333740234,8112400,80.49357185363769,81.15135323471071,80.67423,0.18952244983682254,1
2018-08-01,84.60667419433594,85.8023910522461,84.60667419433594,84.89616394042969,79.8249282836914,5982700,80.49357185363769,81.33402692767261,81.02629,0.20182880379782514,1
2018-08-02,84.31717681884766,84.75770568847656,83.93328857421875,84.40528869628906,79.36337280273438,3547900,80.48966108049665,81.4838445749222,81.33597,0.20658373835197164,1
2018-08-03,84.78288269042969,84.78288269042969,83.83259582519531,84.26054382324219,79.2272720336914,3093100,80.47756903512138,81.61929331874269,81.583954,0.1958413520301595,1
2018-08-06,84.12837982177734,84.40528869628906,83.61233520507812,84.29200744628906,79.2568588256836,3091800,80.4774341583252,81.7496696176474,81.7555,0.18231554012153267,1
2018-08-07,84.3927001953125,84.87728118896484,84.13467407226562,84.63813781738281,79.58230590820312,3491600,80.47774881635394,81.89057050543937,81.84657,0.16820329643426885,1
2018-08-08,84.65072631835938,84.9150390625,84.3927001953125,84.7765884399414,79.71248626708984,2900700,80.47819835117885,82.03135186809801,81.86861,0.1591175055697051,1
2018-08-09,85.1667709350586,85.95343017578125,84.36123657226562,84.48080444335938,79.43438720703125,5203600,80.47073631286621,82.15083735957417,81.84082,0.15205369474066968,1
2018-08-10,84.04027557373047,84.17243194580078,83.25361633300781,83.76337432861328,78.75981140136719,3825600,80.46125144958496,82.22949769952729,81.777954,0.1408758055550987,1
2018-08-13,83.72561645507812,84.0276870727539,82.81938171386719,83.18439483642578,78.21540832519531,4015700,80.44394498552595,82.27607804766868,81.68139,0.13071828407262615,1
2018-08-14,83.5053482055664,83.700439453125,83.05852508544922,83.33543395996094,78.35742950439453,5073300,80.42929066249303,82.32775394582927,81.544655,0.11834453335221672,1
2018-08-15,83.07111358642578,83.0962905883789,81.56702423095703,82.91378021240234,77.96095275878906,7253600,80.40231949942452,82.35634059297918,81.37037,0.10389920968395629,1
2018-08-16,83.3165512084961,84.07174682617188,83.3165512084961,83.8955307006836,79.30542755126953,6771300,80.38132694789341,82.43142303725745,81.16172,0.08625539176115837,1
2018-08-17,84.15355682373047,84.8332290649414,83.88294219970703,84.60667419433594,79.9776611328125,6773200,80.3713026864188,82.53753284979787,80.944244,0.07128858873856066,1
2018-08-20,84.93392181396484,85.22970581054688,84.62554931640625,85.04720306396484,80.39408111572266,8489000,80.36518925258092,82.65995578707431,80.75543,0.0640285695099024,1
2018-08-21,85.21082305908203,85.88420104980469,85.21082305908203,85.57583618164062,80.89379119873047,3551700,80.35606400626047,82.80219385510193,80.630684,0.06665031380678803,1
2018-08-22,84.99685668945312,85.01573181152344,83.8388900756836,83.85147857666016,79.26377868652344,5965200,80.3332284109933,82.85337847566575,80.59782,0.07896048740755865,1
2018-08-23,84.02140045166016,84.02140045166016,83.19697570800781,83.46129608154297,78.89494323730469,5603100,80.32428300040108,82.88303299302561,80.63656,0.08845545163295326,1
2018-08-24,83.45500183105469,83.98992919921875,83.45500183105469,83.92699432373047,79.33516693115234,4575600,80.35179356166294,82.93395793598683,80.709335,0.09055807303114854,1
2018-08-27,84.49339294433594,85.39962005615234,84.41158294677734,85.18565368652344,80.52495574951172,4819500,80.37674189976283,83.04379675308617,80.78982,0.08798983482768073,1
2018-08-28,85.58841705322266,85.8023910522461,84.52485656738281,84.6444320678711,80.01334381103516,3571900,80.38811476571219,83.1218765245391,80.88124,0.08320425809717978,1
2018-08-29,85.03461456298828,85.03461456298828,84.0088119506836,84.09062194824219,79.48983764648438,6034700,80.41571524483817,83.16913239886608,80.98078,0.07660187277693255,1
2018-08-30,83.8955307006836,84.01510620117188,83.2032699584961,83.44241333007812,78.87709045410156,4610800,80.44969885689872,83.18246317599838,81.074844,0.06886701672560266,1
2018-08-31,83.1466293334961,83.42353820800781,82.43549346923828,82.88231658935547,78.34764099121094,4381600,80.46911806379046,83.16782187908898,81.14067,0.06032171754662759,1
2018-09-04,83.0396499633789,83.0396499633789,82.14600372314453,83.0081787109375,78.46661376953125,4653300,80.49667358398438,83.16003440747183,81.15401,0.053355451177579734,1
2018-09-05,82.7564468383789,83.65638732910156,82.49213409423828,83.5619888305664,78.99011993408203,4185100,80.52400436401368,83.17964194030571,81.10582,0.042518866186882935,1
2018-09-06,83.86406707763672,84.7010726928711,83.54940032958984,84.0276870727539,79.43035125732422,5728300,80.53982740129743,83.22100999554709,81.009476,0.02919218027312534,1
2018-09-07,83.7822494506836,83.870361328125,82.41032409667969,83.07740783691406,78.53206634521484,5056800,80.55218920026506,83.21400501219914,80.89274,0.01770695839246582,1
2018-09-10,83.6186294555664,84.48709869384766,83.6186294555664,84.10950469970703,79.50768280029297,6670300,80.5845096043178,83.25768792378489,80.7661,0.010571859742023773,1
2018-09-11,84.10321044921875,84.32976531982422,83.17180633544922,84.0843276977539,79.48387908935547,3257400,80.60406368800572,83.29801181519801,80.653244,0.011390115924331501,1
2018-09-12,83.92699432373047,84.6444320678711,83.813720703125,84.26054382324219,79.65045928955078,5549700,80.60545719691686,83.34496459607821,80.57204,0.017398221039286135,1
2018-09-13,84.5059814453125,85.30522155761719,84.31717681884766,85.28634643554688,80.6201400756836,4450700,80.61611082894461,83.43966614922303,80.53438,0.025678797912437084,1
2018-09-14,85.39332580566406,86.82819366455078,85.39332580566406,86.72120666503906,81.97649383544922,8720400,80.62658462524413,83.599741296336,80.55975,0.03641337906737611,1
2018-09-17,86.73379516601562,87.35053253173828,86.4946517944336,86.69603729248047,81.95270538330078,7567100,80.64389114379883,83.75078012541623,80.67915,0.05318070123383185,1
2018-09-18,86.83448791503906,88.31340789794922,86.50724029541016,87.8414077758789,83.0354232788086,6855100,80.66564783368791,83.95032293763391,80.90346,0.07416618794003559,1
2018-09-19,87.57709503173828,88.65324401855469,87.57080078125,88.4203872680664,83.58271789550781,6344400,80.71149875095912,84.1683748561916,81.24033,0.10261400574713371,1
2018-09-20,89.0560073852539,89.7482681274414,88.672119140625,89.26998138427734,84.38583374023438,6158600,80.76503644670758,84.41723371122018,81.685394,0.13111768897801915,1
2018-09-21,90.42164611816406,90.7174301147461,89.23222351074219,89.41472625732422,84.52265167236328,11648400,80.81165155683244,84.66101383542038,82.22785,0.16231683055994733,1
2018-09-24,89.24480438232422,89.99370574951172,88.0113296508789,88.31969451904297,83.48754119873047,4023800,80.85089454650878,84.83948606388977,82.840614,0.1905431663948249,1
2018-09-25,88.22529602050781,88.57142639160156,87.72813415527344,87.92322540283203,83.11274719238281,5196600,80.89036233084542,84.98991237310646,83.464066,0.2062204139769002,1
2018-09-26,87.86029052734375,88.50220489501953,87.39458465576172,87.82882690429688,83.02352142333984,3763300,80.92767241341727,85.12839600877429,84.03263,0.20899593783510484,1
2018-09-27,88.11202239990234,88.52737426757812,87.28131103515625,87.90434265136719,83.09490966796875,2917800,80.95289045061384,85.26380804012028,84.49535,0.20355204890671633,1
2018-09-28,87.88545989990234,88.12460327148438,87.55821228027344,87.98615264892578,83.1722412109375,3935300,80.99024549211775,85.3966053381108,84.82582,0.18917868683863232,1
2018-10-01,88.82945251464844,89.0560073852539,88.26934814453125,88.68470764160156,83.83256530761719,5268900,81.03865868704659,85.55700057242743,85.02115,0.1712268791334929,1
2018-10-02,88.7035903930664,89.60981750488281,88.4770278930664,89.01824951171875,84.14787292480469,5877800,81.0920166015625,85.72584198410017,85.10675,0.1555687512650144,1
2018-10-03,89.34549713134766,89.4210205078125,88.60919189453125,88.74764251708984,83.89205932617188,5461700,81.14492498125348,85.87324688814844,85.119804,0.14758167273578293,1
2018-10-04,88.79798889160156,89.33291625976562,87.67149353027344,88.35116577148438,83.51727294921875,5409200,81.19913700648716,85.9941209800185,85.08905,0.14684029540153454,1
2018-10-05,88.35116577148438,88.64065551757812,87.23096466064453,87.51416015625,82.72605895996094,4578200,81.25244996207101,86.0682692325176,85.02939,0.14643109180371813,1
2018-10-08,87.49527740478516,87.87916564941406,86.48835754394531,87.84770202636719,83.0413589477539,5042600,81.3083251953125,86.15507083221758,84.936646,0.14082670627951202,1
2018-10-09,87.64631652832031,88.07425689697266,85.39332580566406,85.51290130615234,80.83429718017578,7576600,81.34824245997838,86.12374548948269,84.81468,0.13161815647067523,1
2018-10-10,85.09754943847656,85.17306518554688,82.46695709228516,82.51730346679688,78.0025863647461,9112500,81.37993354797364,85.94782148837605,84.63218,0.10986295471043035,0
2018-10-11,82.35997772216797,83.41094970703125,80.87476348876953,81.41598510742188,76.96154022216797,12920300,81.41166959490094,85.72675629906121,84.322845,0.0672010002768959,0
2018-10-12,82.56135559082031,83.13404846191406,80.31466674804688,81.5796127319336,77.11621856689453,8156400,81.42511024475098,85.52445661285985,83.83885,0.010177956356638278,0
2018-10-15,81.7117691040039,82.76903533935547,81.29012298583984,82.0201416015625,77.53263092041016,5177100,81.44781096322195,85.35351441718682,83.1821,-0.049655046511506644,0
2018-10-16,82.36626434326172,83.4487075805664,81.57331848144531,83.3920669555664,78.82950592041016,5576900,81.48404219491141,85.25783405320533,82.4001,-0.10314495998438258,1
2018-10-17,83.16551208496094,83.46759033203125,81.5229721069336,81.85651397705078,77.37796783447266,5924500,81.50314674377441,85.09191600070999,81.58191,-0.13928285892289638,1
2018-10-18,81.56072998046875,82.29704284667969,80.61044311523438,81.14537811279297,76.70573425292969,5420000,81.52769050598144,84.89940195739696,80.78911,-0.16377216549652135,1
2018-10-19,80.86217498779297,81.71806335449219,80.29578399658203,80.98175048828125,76.55106353759766,7269100,81.54463735307966,84.708297007684,80.05854,-0.17175763209726896,1
2018-10-22,80.98175048828125,81.17684173583984,79.10635375976562,79.54688262939453,75.19469451904297,8711200,81.54746932983399,84.45652069654793,79.41303,-0.16912791992376444,1
2018-10-23,79.13782501220703,82.46695709228516,78.60919189453125,81.8250503540039,77.34822845458984,11171600,81.56661883762905,84.32815628959456,78.845024,-0.1726274128016311,1
2018-10-24,81.95720672607422,82.6242904663086,76.62051391601562,76.8218994140625,72.6187973022461,13442400,81.56351716177804,83.96199741761738,78.380875,-0.17500233388010858,0
2018-10-25,77.65890502929688,78.96790313720703,77.06104278564453,78.2882308959961,74.00491333007812,7501300,81.57331668308802,83.68522831900171,77.96603,-0.19626546044329599,1
2018-10-26,77.39458465576172,78.69729614257812,76.5135269165039,77.55191802978516,73.30887603759766,7456500,81.57453035627093,83.38604245123504,77.57371,-0.22170650439798167,0
2018-10-29,78.57142639160156,78.95531463623047,75.00943756103516,76.20516204833984,72.03581237792969,7856300,81.56841692243303,83.03575560231333,77.18439,-0.24261007399346612,0
2018-10-30,76.19257354736328,77.28131103515625,75.77092742919922,77.16802978515625,72.94599914550781,7725400,81.56558494567871,82.74952507464714,76.77433,-0.2659146818148154,1
2018-10-31,78.08684539794922,78.94273376464844,77.67778778076172,78.16866302490234,73.89189147949219,9773100,81.57232775006976,82.52606838929373,76.351265,-0.2847421382871851,1
2018-11-01,79.10635375976562,80.51604461669922,78.70987701416016,80.28948974609375,75.89666748046875,8884500,81.58927459716797,82.41696699206446,75.95117,-0.29147897070471046,1
2018-11-02,81.08873748779297,81.5796127319336,79.43360900878906,80.1950912475586,75.80744934082031,9839200,81.60231067112514,82.30858280940564,75.64236,-0.28232579531325863,1
2018-11-05,80.22655487060547,80.47199249267578,79.57835388183594,80.0818099975586,75.70035552978516,8702900,81.61332386561803,82.1999597454131,75.47528,-0.24739716197213824,1
2018-11-06,80.11328125,80.6356201171875,79.71051025390625,80.51604461669922,76.11083221435547,5171000,81.63170918055943,82.11781754401241,75.469246,-0.2126666754805499,1
2018-11-07,81.17684173583984,82.38514709472656,80.5789794921875,82.1585922241211,77.66352081298828,8579300,81.66528827122279,82.1198065527982,75.62161,-0.1724819265239801,1
2018-11-08,82.37885284423828,83.04594421386719,82.0453109741211,82.65576171875,78.13348388671875,7543700,81.7007104056222,82.14595070723487,75.93313,-0.126867751358082,1
2018-11-09,82.68722534179688,82.70610809326172,81.61737060546875,82.25928497314453,77.75869750976562,7956200,81.73941399710519,82.15147920801095,76.392426,-0.08645715669657404,1
2018-11-12,82.4040298461914,82.4606704711914,80.61044311523438,80.74260711669922,76.32501220703125,6669600,81.77020606994628,82.0827537401421,76.96094,-0.055067579337508284,1
2018-11-13,81.08244323730469,82.26557922363281,80.69855499267578,81.25865173339844,76.81281280517578,5454700,81.79852578299386,82.04255364225216,77.56153,-0.03910772471641509,1
2018-11-14,81.84392547607422,82.24669647216797,80.92510986328125,81.11390686035156,76.6760025024414,9136400,81.82742985316685,81.99725379923261,78.12859,-0.027632202976154895,1
2018-11-15,80.056640625,82.19005584716797,79.70421600341797,81.64253997802734,77.61831665039062,7307800,81.87049375261579,81.97995068600308,78.611626,-0.022629655586393165,1
2018-11-16,81.18313598632812,82.39773559570312,81.04468536376953,81.89427185058594,77.8576431274414,8238000,81.92070503234864,81.97577123061687,78.989586,-0.023294624246551664,1
2018-11-19,81.81246185302734,81.81246185302734,80.15733337402344,80.45941162109375,76.49351501464844,7928600,81.96273509434292,81.90180246917672,79.26317,-0.027870520067303235,1
2018-11-20,80.06922912597656,80.06922912597656,78.45185852050781,79.29515075683594,75.38663482666016,6969800,82.00004512241908,81.77464872711131,79.42046,-0.035015316176352854,0
2018-11-21,79.4776611328125,80.20767974853516,79.0937728881836,79.1126480102539,75.21314239501953,4335900,82.02791530064174,81.64479503360607,79.441605,-0.044764524634044456,0
2018-11-23,78.65953063964844,81.9886703491211,78.5336685180664,81.20830535888672,77.20549774169922,15454700,82.06455110822405,81.62350285435147,79.32146,-0.055902011512015334,1
2018-11-26,81.68030548095703,83.32284545898438,80.37129974365234,80.54122161865234,76.57129669189453,16858900,82.09237632751464,81.57070864773199,79.10766,-0.06411338073277255,1
2018-11-27,77.82882690429688,78.75393676757812,75.03461456298828,77.2057876586914,73.4002685546875,26805900,82.09044336591448,81.35778567265685,78.844574,-0.07009687561738484,0
2018-11-28,77.56450653076172,77.71554565429688,75.56324768066406,77.23725891113281,73.43019104003906,13559800,82.08428497314453,81.15678436721664,78.519005,-0.08744310173606148,0
2018-11-29,77.27501678466797,77.36941528320312,75.56954193115234,76.27438354492188,72.51475524902344,9781400,82.06954073224749,80.91861847344617,78.12193,-0.10816791004517105,0
2018-11-30,75.99748229980469,76.97923278808594,75.54436492919922,76.67715454101562,72.8976821899414,15312700,82.05542580740793,80.71171779381542,77.645256,-0.12958847689350722,0
2018-12-03,77.90434265136719,79.28886413574219,77.57709503173828,77.7847671508789,73.95069885253906,10925300,82.0511553628104,80.56893971367218,77.105286,-0.15100568774224862,1
2018-12-04,77.54562377929688,77.67778778076172,75.07866668701172,76.06671142578125,72.31732940673828,12213800,82.03357919965471,80.34931882157994,76.5494,-0.16960933774422887,0
2018-12-06,75.21082305908203,76.48206329345703,74.54373931884766,76.43171691894531,72.66434478759766,14831200,82.0193744114467,80.1582162897441,76.00171,-0.1917202670237514,1
2018-12-07,76.25550842285156,76.89742279052734,74.9716796875,75.17306518554688,71.46773529052734,11923200,81.99357201712472,79.91503818710034,75.48764,-0.20119304049482267,0
2018-12-10,74.90245056152344,75.92196655273438,73.56828308105469,75.14788818359375,71.44380187988281,8448700,81.95473354884557,79.68249428449026,75.010735,-0.20169940264286346,1
2018-12-11,76.84078216552734,76.85965728759766,74.6633071899414,74.84581756591797,71.1566162109375,6883200,81.914546585083,79.44655883480381,74.57246,-0.20497687398953848,1
2018-12-12,75.50031280517578,76.41912841796875,75.24229431152344,75.30522155761719,71.59337615966797,4905700,81.87894466945103,79.24454238225812,74.17218,-0.20956359676993402,1
2018-12-13,75.62618255615234,75.76463317871094,74.80805206298828,75.04720306396484,71.34808349609375,9081100,81.8423089163644,79.03979412282918,73.81897,-0.2157831427280571,1
2018-12-14,74.23536682128906,75.17306518554688,73.73819732666016,74.76399993896484,71.0788345336914,6374400,81.8053134918213,78.83121879678701,73.519325,-0.22137401904690124,1
2018-12-17,74.72624206542969,74.81434631347656,72.20893859863281,72.5676498413086,68.99073791503906,8063300,81.76126060485839,78.52567884773929,73.27363,-0.21983611752785695,0
2018-12-18,73.0648193359375,73.90811920166016,72.49213409423828,72.86343383789062,69.2719497680664,6003500,81.71442070007325,78.24947177408814,73.04857,-0.22591638075153198,0
2018-12-19,72.73127746582031,73.870361328125,71.157958984375,71.61737060546875,68.08729553222656,16601000,81.66488369532993,77.92595464391158,72.81976,-0.23206917200381444,0
2018-12-20,71.55443572998047,71.62995910644531,68.52737426757812,68.98678588867188,65.58638000488281,22699600,81.5921065739223,77.48989763146086,72.55903,-0.24579022282413576,0
2018-12-21,69.01824951171875,69.98111724853516,66.74638366699219,66.8218994140625,63.52820587158203,19808400,81.50170827593122,76.9695074745146,72.21745,-0.27340564417149477,0
2018-12-24,66.31214904785156,66.54499816894531,64.15985107421875,64.22907257080078,61.06317901611328,6793600,81.39431817190987,76.34802284506515,71.74082,-0.31746102789671826,0
2018-12-26,64.78288269042969,66.97293853759766,63.234737396240234,66.71491241455078,63.426490783691406,11301600,81.30077323913574,75.8781150191864,71.07686,-0.3759740039847821,0
2018-12-27,64.56890869140625,66.55758666992188,63.97734451293945,66.55758666992188,63.27691650390625,10412000,81.20268821716309,75.42345509971008,70.24959,-0.42661852818747537,0
2018-12-28,66.89742279052734,67.45122528076172,66.03524017333984,66.29326629638672,63.02562713623047,8925400,81.10258031572614,74.97808003613333,69.3182,-0.4622206614785312,0
2018-12-31,66.45689392089844,67.01069641113281,66.23033142089844,67.01069641113281,63.70768737792969,7049200,81.00507965087891,74.58942717637721,68.35212,-0.48653657563057495,0
2019-01-02,66.17998504638672,68.18753814697266,65.60100555419922,68.15607452392578,64.7966079711914,9361700,80.91719867161342,74.27560509576982,67.427505,-0.4883672047579705,1
2019-01-03,67.68407440185547,67.96727752685547,64.96538543701172,65.12271881103516,61.912776947021484,8884200,80.81174152919225,73.82912283797789,66.62272,-0.46386830460474227,0
2019-01-04,65.5254898071289,67.46381378173828,65.1416015625,67.35053253173828,64.03077697753906,10083300,80.72219734191894,73.51309404255157,65.95714,-0.4363835689790396,1
2019-01-07,67.3757095336914,67.5959701538086,66.41912841796875,67.3190689086914,64.00086212158203,8314600,80.63256323678154,73.21094647504619,65.453,-0.40382934994304315,1
2019-01-08,68.49591064453125,68.87979888916016,67.55821228027344,68.5336685180664,65.15559387207031,5951200,80.54899766104562,72.98278657470571,65.11999,-0.38074617583151005,1
2019-01-09,68.94902801513672,68.99937438964844,68.30711364746094,68.79798889160156,65.4068832397461,6726800,80.47828832353865,72.77865010235917,64.968056,-0.35233129928254864,1
2019-01-10,68.44556427001953,69.56576538085938,68.42668151855469,69.48395538330078,66.05904388427734,5368100,80.41108523777552,72.61793328679533,64.99595,-0.32070496669494875,1
2019-01-11,68.94902801513672,69.21334075927734,68.35746002197266,69.19446563720703,65.78382110595703,5759800,80.35026533944266,72.4509348648642,65.19433,-0.287218911326785,1
2019-01-14,68.72246551513672,70.15733337402344,68.47073364257812,69.76085662841797,66.32230377197266,5049500,80.28724278041295,72.31971153625706,65.53442,-0.2530967987282278,1
2019-01-15,69.69792175292969,69.99370574951172,68.93643951416016,69.89301300048828,66.44794464111328,4444700,80.22633296421596,72.20133599792688,65.98192,-0.21261727425691945,1
2019-01-16,69.91189575195312,70.22655487060547,69.50912475585938,69.77344512939453,66.33425903320312,6177200,80.15993903023856,72.08290229702286,66.4981,-0.18327086846911086,1
2019-01-17,69.45877838134766,71.42857360839844,69.41472625732422,70.96916198730469,67.47103881835938,5079200,80.10783974783762,72.02857350142685,67.04035,-0.15889733631303268,1
2019-01-18,71.92574310302734,72.18376159667969,71.05097198486328,71.68030548095703,68.14714050292969,7366700,80.0597412109375,72.01158481750149,67.584595,-0.1373719730338746,1
2019-01-22,71.12020111083984,71.214599609375,69.6349868774414,69.89301300048828,66.44794464111328,9039900,79.99694339207241,71.90823985081792,68.12136,-0.11355629955595085,1
2019-01-23,73.82001495361328,75.10383605957031,71.9635009765625,73.65638732910156,70.02581787109375,19960800,79.9610268184117,71.99351533756347,68.61646,-0.09710062016726179,1
2019-01-24,74.10321044921875,75.1101303100586,72.08306884765625,72.72498321533203,69.14031982421875,14356900,79.91895185198102,72.02919669745462,69.088524,-0.07003425541872334,1
2019-01-25,73.21585845947266,73.56828308105469,72.42290496826172,72.88231658935547,69.28990173339844,7375100,79.87786581856864,72.0708123019376,69.54579,-0.043020038047310555,1
2019-01-28,72.49842834472656,72.53618621826172,71.5984878540039,72.42290496826172,68.85313415527344,14161000,79.8314754486084,72.08798755395341,69.98839,-0.016556111048095047,1
2019-01-29,72.73127746582031,74.39899444580078,72.68722534179688,74.15985107421875,70.50447082519531,17208500,79.79173796517509,72.18905406713709,70.40146,0.004582165805626133,1
2019-01-30,74.63813781738281,75.67652893066406,73.78854370117188,74.96538543701172,71.2702865600586,11627900,79.75604613167899,72.32448486566756,70.79129,0.024152099470019495,1
2019-01-31,75.24858093261719,75.24858093261719,74.0276870727539,74.30459594726562,70.64207458496094,9663300,79.72543389456612,72.42107565013575,71.1745,0.0466595675286999,1
2019-02-01,75.26116943359375,75.53807067871094,74.32976531982422,74.87728118896484,71.18653106689453,6572500,79.68780915396555,72.54089055446887,71.54995,0.06835054281914715,1
2019-02-04,74.88357543945312,75.04720306396484,74.18502044677734,74.97797393798828,71.28225708007812,7857100,79.64119404384068,72.6597726707381,71.91507,0.0792036367394886,1
2019-02-05,75.40591430664062,76.01636505126953,74.94021606445312,76.00377655029297,72.25749969482422,7192100,79.6042885371617,72.8228948112042,72.2634,0.0940371209847452,1
2019-02-06,76.06041717529297,76.6079330444336,75.73316192626953,76.37507629394531,72.6104965209961,5565400,79.56225847516741,72.99617195670376,72.600044,0.11042384994348006,1
2019-02-07,75.7457504272461,76.14222717285156,74.88357543945312,75.9723129272461,72.22758483886719,7384700,79.51294626508441,73.1413495650229,72.931915,0.1268115816563374,1
2019-02-08,75.70169830322266,77.10509490966797,75.65764617919922,77.08621978759766,73.28659057617188,6263600,79.47756914411272,73.33378225880705,73.25297,0.1351052802363985,1
2019-02-11,77.34423828125,77.47640228271484,76.46947479248047,77.23096466064453,73.42420196533203,6222300,79.4436754499163,73.52388871743327,73.56795,0.14518354373312078,1
2019-02-12,77.63373565673828,78.25676727294922,77.22467041015625,78.02391815185547,74.17807006835938,5624200,79.41944640023368,73.74340234838068,73.879486,0.15835902168008884,1
2019-02-13,78.25676727294922,78.59660339355469,78.1749496459961,78.30081939697266,74.44131469726562,3914600,79.37530364990235,73.96571537514126,74.19582,0.17161908026173364,1
2019-02-14,77.50157165527344,78.28193664550781,77.22467041015625,78.11831665039062,74.70915222167969,5957600,79.32756472996303,74.16828129100708,74.521965,0.18475856657948325,1
2019-02-15,79.04342651367188,80.4971694946289,78.68470764160156,80.40277099609375,76.89390563964844,10850300,79.29124358040946,74.4724027400357,74.85099,0.19359151499411512,1
2019-02-19,80.16362762451172,81.271240234375,79.83637237548828,80.95657348632812,77.42354583740234,9680900,79.26476691109794,74.78870375204997,75.20446,0.2093284177761081,1
2019-02-20,80.99433898925781,81.58589935302734,80.44682312011719,80.82441711425781,77.29716491699219,10012600,79.24377435956683,75.08312879410889,75.6032,0.23071514836685555,1
2019-02-21,80.64820861816406,80.92510986328125,79.18817138671875,79.49653625488281,76.02723693847656,5179800,79.2014296395438,75.29841696292712,76.04813,0.249512714416981,1
2019-02-22,80.58527374267578,80.7740707397461,79.79861450195312,80.40906524658203,76.89994049072266,5018200,79.16937893458775,75.54771687920297,76.50168,0.26063591103394357,1
2019-02-25,80.99433898925781,81.25865173339844,80.65450286865234,80.72372436523438,77.20085906982422,4245900,79.1430820465088,75.80020504925328,76.93494,0.26612563304769565,1
2019-02-26,80.41535186767578,80.83700561523438,79.77973937988281,80.04405212402344,76.55085754394531,5397800,79.11296424865722,76.00722197972988,77.32883,0.2679889686963694,1
2019-02-27,79.9748306274414,80.14474487304688,79.35808563232422,79.8615493774414,76.37631225585938,3969300,79.08131811959403,76.19523795034995,77.65903,0.2619514752074393,1
2019-02-28,79.7293930053711,80.13215637207031,79.02454376220703,79.08747863769531,75.63603210449219,7017300,79.04167055402483,76.33632286192777,77.906,0.24467817014651524,1
2019-03-01,79.91189575195312,80.14474487304688,78.81686401367188,79.15040588378906,75.69620513916016,6073100,79.0014835357666,76.4735952044576,78.04929,0.2234855091762998,1
2019-03-04,79.4776611328125,80.17620849609375,78.728759765625,79.13153076171875,75.67815399169922,5526000,78.9632744380406,76.60325059749472,78.08377,0.2032425537066935,1
2019-03-05,79.06859588623047,79.82379150390625,79.06859588623047,79.25739288330078,75.79852294921875,5141800,78.93108885628837,76.7327209528999,78.01881,0.1852332913915725,1
2019-03-06,79.40843200683594,79.83637237548828,78.898681640625,78.91126251220703,75.46749114990234,5592400,78.90056648254395,76.8389912728661,77.87643,0.16488643860531121,1
2019-03-07,78.672119140625,78.72246551513672,77.35682678222656,78.32598876953125,74.90776824951172,6616400,78.86478473118373,76.91152773611806,77.6785,0.14595605613218784,1
2019-03-08,77.94210052490234,78.12460327148438,76.9603500366211,78.04908752441406,74.64295959472656,4912300,78.83003692626953,76.96701845749836,77.43907,0.1293780544434585,1
2019-03-11,76.5135269165039,79.41472625732422,76.45059967041016,79.30144500732422,75.84066009521484,7398000,78.79722202845983,77.08089292334351,77.16929,0.11314460097167753,1
2019-03-12,79.1126480102539,79.86784362792969,78.36375427246094,78.4581527709961,75.03417205810547,6108400,78.75330401829311,77.14807633054608,76.90194,0.10369295751130955,1
2019-03-13,78.6469497680664,80.10069274902344,78.6469497680664,79.69792175292969,76.2198257446289,7713800,78.71509486607142,77.27245903407697,76.654785,0.09386914867749918,1
2019-03-14,79.69792175292969,79.88671875,79.1126480102539,79.85525512695312,76.37030029296875,6236900,78.67423357282367,77.398449087388,76.458046,0.08979085258474748,1
2019-03-15,80.03146362304688,80.1950912475586,79.23222351074219,79.24480438232422,75.78648376464844,15396900,78.64132875714984,77.48851519933612,76.33537,0.09108280948334115,1
2019-03-18,79.3643798828125,79.92448425292969,78.99937438964844,79.8615493774414,76.37631225585938,6181000,78.61561628069197,77.60427296412175,76.28724,0.09481880212593469,1
2019-03-19,80.31466674804688,80.6607894897461,79.23851776123047,79.6161117553711,76.1415786743164,4704000,78.58482426234654,77.70241144174366,76.311966,0.10159227977236726,1
2019-03-20,79.57205963134766,79.60981750488281,78.37004089355469,78.86091613769531,75.41934204101562,4680800,78.5396475655692,77.75892386593642,76.39647,0.10609473515821238,1
2019-03-21,78.38262939453125,80.03775787353516,78.24417877197266,79.84896087646484,76.36427307128906,4127900,78.5053941999163,77.86087689084025,76.510826,0.10242142924072117,1
2019-03-22,79.29515075683594,79.5028305053711,77.69036865234375,78.76022338867188,75.32305908203125,6152900,78.4673199244908,77.90474745171008,76.641914,0.10059015368106126,1
2019-03-25,78.64065551757812,79.18817138671875,78.40780639648438,78.91755676269531,75.47351837158203,3608400,78.43499952043805,77.95415278395326,76.764015,0.09104193354900246,1
2019-03-26,79.40843200683594,79.89301300048828,78.7035903930664,79.38326263427734,75.91889953613281,5091400,78.41000627790179,78.02386545957883,76.85921,0.08092156359731137,1
2019-03-27,79.37067413330078,80.01258850097656,79.06859588623047,79.48395538330078,76.01519775390625,4336000,78.38483325413296,78.09508935829697,76.9256,0.0738787139959485,1
2019-03-28,79.74197387695312,80.17620849609375,79.41472625732422,80.09439849853516,76.59899139404297,2974700,78.3600647517613,78.19261663343055,76.969086,0.0675302638490769,1
2019-03-29,80.7174301147461,81.23977661132812,80.22655487060547,81.11390686035156,77.57402038574219,4839600,78.33925203595842,78.33511859571938,77.006744,0.0672694624055931,1
2019-04-01,81.80616760253906,83.97105407714844,81.80616760253906,83.82001495361328,80.16202545166016,8422900,78.34455637250628,78.60267451561666,77.06851,0.07539047877164856,1
2019-04-02,83.74449157714844,83.93328857421875,82.78791809082031,83.0081787109375,79.3856201171875,4616800,78.33668975830078,78.81757715929085,77.21668,0.09679826834085031,1
2019-04-03,83.45500183105469,83.52423095703125,82.19635009765625,82.63687896728516,79.030517578125,4512700,78.32635083879744,79.00388456455887,77.4767,0.12694884874924664,1
2019-04-04,82.7564468383789,83.870361328125,82.3473892211914,83.51164245605469,79.86710357666016,3546100,78.32100154331752,79.22377519341232,77.83651,0.15454688567912264,1
2019-04-05,83.80113220214844,84.20390319824219,83.42353820800781,84.15355682373047,80.48101043701172,3973700,78.3129101889474,79.46425234611077,78.27635,0.1795926388764363,1
2019-04-08,83.27879333496094,84.09691619873047,82.56135559082031,84.05286407470703,80.38471221923828,4318400,78.29385059901647,79.68808706457888,78.77482,0.20191826505713834,1
2019-04-09,83.48017883300781,83.643798828125,82.5676498413086,83.22844696044922,79.59626770019531,3320600,78.26908209664481,79.86078754730427,79.30042,0.2162329905791767,1
2019-04-10,83.25361633300781,83.27879333496094,81.97608184814453,82.85713958740234,79.24116516113281,4324600,78.23348018101284,80.0069510614554,79.80426,0.21746025708593386,1
2019-04-11,82.9263687133789,83.700439453125,82.74386596679688,83.587158203125,79.9393310546875,2767800,78.19895711626326,80.18159531226856,80.2372,0.2064175287344984,1
2019-04-12,84.21649169921875,85.16047668457031,84.10950469970703,85.14788818359375,81.43194580078125,4553200,78.16951359340123,80.4238535011137,80.57798,0.198789658755613,1
2019-04-15,84.95909118652344,85.12271881103516,84.37381744384766,84.67589569091797,80.98056030273438,2979200,78.13566480364118,80.63127019329927,80.84705,0.1967819021300466,1
2019-04-16,84.87098693847656,85.18565368652344,84.5877914428711,85.17306518554688,81.4560317993164,3176400,78.1131888798305,80.85282116853085,81.061165,0.19377570275527062,1
2019-04-17,85.33039855957031,85.7772216796875,84.78917694091797,85.45626068115234,81.72686767578125,4425300,78.09556770324707,81.07737919353679,81.24108,0.1940445180093275,1
2019-04-18,85.59471130371094,86.68974304199219,85.59471130371094,86.2177505493164,82.45512390136719,3970100,78.0840600149972,81.32812901576995,81.40522,0.20000510230017865,1
2019-04-22,85.80868530273438,86.5135269165039,85.39332580566406,86.1611099243164,82.40095520019531,4694200,78.07160835266113,81.5638841820405,81.57562,0.21243601429332337,1
2019-04-23,88.0364990234375,89.59093475341797,87.40087890625,88.11831665039062,84.27274322509766,9030600,78.07255238124303,81.88361259513076,81.76182,0.2239681954060021,1
2019-04-24,87.8980484008789,88.21271514892578,86.80302429199219,87.84770202636719,84.0139389038086,4344800,78.06657376970564,82.17454378689838,81.99467,0.23725486758437397,1
2019-04-25,87.31277465820312,88.2630615234375,86.86595153808594,87.93580627441406,84.09819793701172,3712300,78.05884203229631,82.45558098141134,82.28366,0.24881527229062686,1
2019-04-26,88.10572814941406,88.62806701660156,87.8414077758789,88.59660339355469,84.73016357421875,3273000,78.05776318141392,82.75514305029638,82.62087,0.2623005235675339,1
2019-04-29,88.73505401611328,89.68533325195312,88.6469497680664,89.43989562988281,85.5366439819336,5417300,78.06553982325963,83.08122854198352,82.9964,0.2745980337881743,1
2019-04-30,89.64128112792969,89.943359375,89.13153076171875,89.7482681274414,85.83155822753906,5232700,78.08149773733956,83.4064499851766,83.40552,0.28723853811478467,1
2019-05-01,89.99370574951172,90.87476348876953,89.06230163574219,89.10005950927734,85.2116470336914,3487500,78.09044314793178,83.68418703513272,83.83944,0.2979832993520263,1
2019-05-02,88.5903091430664,89.02454376220703,87.34423828125,87.9798583984375,84.14032745361328,4379700,78.10806427001953,83.89373197968418,84.269035,0.30328480066681907,1
2019-05-03,88.76651763916016,89.1692886352539,88.08055114746094,89.13153076171875,85.24172973632812,4513300,78.15530875069754,84.14923435929562,84.64386,0.2952112432860523,1
2019-05-06,87.34423828125,88.52737426757812,86.78414154052734,88.2315902709961,84.3810806274414,3776000,78.20399164472308,84.3483736720615,84.94548,0.28721359995056034,1
2019-05-07,87.06104278564453,87.26872253417969,84.75770568847656,85.23600006103516,81.5162124633789,7794500,78.2301086970738,84.39167252030411,85.15333,0.2730387231262595,1
2019-05-08,85.27375793457031,86.94147491455078,85.17306518554688,86.26180267333984,82.49724578857422,3807700,78.26040627615792,84.4828983814278,85.209366,0.24082535723038895,1
2019-05-09,85.24858093261719,86.299560546875,84.34235382080078,86.129638671875,82.37085723876953,4066500,78.27996035984584,84.56322717608376,85.103,0.2022126647874294,1
2019-05-10,85.10383605957031,86.43171691894531,84.05915832519531,86.3247299194336,82.55744171142578,4214800,78.31187618800573,84.649154139174,84.8516,0.16409473812441833,1
2019-05-13,84.34864807128906,84.75141906738281,82.05789947509766,83.04594421386719,79.4217300415039,6545000,78.32545166015625,84.5709487769639,84.495636,0.13269686458244626,0
2019-05-14,83.07740783691406,84.96538543701172,83.07740783691406,84.31717681884766,80.63748931884766,4305000,78.349276133946,84.55856965705578,84.02902,0.0949512244469081,1
2019-05-15,83.57457733154297,84.84581756591797,82.85713958740234,84.31717681884766,80.63748931884766,3861500,78.38334966387067,84.54679439665539,83.481155,0.05751186023927009,1
2019-05-16,84.35494232177734,85.63247680664062,83.97734069824219,85.11642456054688,81.85088348388672,4463800,78.40685947963169,84.57458123391838,82.89419,0.030637010781119096,1
2019-05-17,84.41158294677734,85.24858093261719,84.04656982421875,84.17243194580078,80.943115234375,2551200,78.45936328342982,84.55496419547362,82.3262,0.017948370858852012,1
2019-05-20,83.80742645263672,84.17872619628906,83.46759033203125,84.00251770019531,80.77970886230469,3091500,78.50017961774553,84.52801558594784,81.81169,0.002878245714636537,1
2019-05-21,84.89616394042969,85.69540405273438,84.49339294433594,85.6072998046875,82.32292938232422,3480800,78.55771805899484,84.58066359661807,81.37045,-0.008551294511788767,1
2019-05-22,85.18565368652344,85.78980255126953,84.92133331298828,85.21711730957031,81.94771575927734,3086700,78.62208916800363,84.6117101192011,81.03881,-0.008061063100655904,1
2019-05-23,83.39836120605469,84.21649169921875,81.42857360839844,82.09565734863281,78.9460220336914,8983500,78.65728650774274,84.48897583770997,80.83269,0.003807685986957712,1
2019-05-24,82.2152328491211,82.99559783935547,81.81875610351562,82.69351959228516,79.52094268798828,4952500,78.68960691179548,84.40139260622584,80.69973,-0.0020390433823703467,1
2019-05-28,82.83826446533203,83.75078582763672,81.7369384765625,81.76211547851562,78.62527465820312,6419700,78.70012566702707,84.27264738048387,80.5968,-0.014558973002333522,1
2019-05-29,81.30270385742188,81.68030548095703,80.7489013671875,81.47891998291016,78.35293579101562,4444500,78.70929587227958,84.13636799523638,80.48019,-0.03532699574298264,1
2019-05-30,81.5229721069336,82.0201416015625,80.57268524169922,80.80553436279297,77.70538330078125,4367500,78.71446533203125,83.9738883058489,80.32138,-0.057947162876752924,1
2019-05-31,80.09439849853516,80.18250274658203,78.99937438964844,79.48395538330078,76.43451690673828,5646800,78.7070932660784,83.75486718767581,80.10216,-0.08577548113377477,0
2019-06-03,79.57835388183594,80.68596649169922,79.25739288330078,79.83637237548828,76.77340698242188,4307700,78.69050598144531,83.56372109927642,79.8031,-0.1209077700299831,1
2019-06-04,80.7489013671875,81.61737060546875,80.2517318725586,81.41598510742188,78.29241943359375,3805900,78.68165043422154,83.45895348991766,79.43091,-0.147919746143125,1
2019-06-05,82.12083435058594,82.69351959228516,81.52926635742188,82.66834259033203,79.49673461914062,3770500,78.6845722743443,83.42038710457201,79.03395,-0.15612302663219652,1
2019-06-06,82.73127746582031,83.1781005859375,82.11454010009766,82.86343383789062,79.68433380126953,3197000,78.69972103663854,83.39321865253878,78.68271,-0.15324368774356428,1
2019-06-07,83.14034271240234,83.68156433105469,82.97042083740234,83.16551208496094,79.97482299804688,2930700,78.71334146772112,83.38211101509596,78.43508,-0.13656971529915787,1
2019-06-10,85.27375793457031,85.41850280761719,80.54122161865234,80.56010437011719,77.46937561035156,21901600,78.70938573564801,83.24445215436529,78.32686,-0.11061136888337397,1
2019-06-11,80.6922607421875,80.73631286621094,76.89112854003906,77.36941528320312,74.4011001586914,17434900,78.67886341639928,82.95786498991836,78.32377,-0.08952271010527836,0
2019-06-12,78.0679702758789,78.9238510131836,77.79106140136719,78.08055114746094,75.08494567871094,15850900,78.6516225542341,82.71994724150579,78.326706,-0.08848876173043685,0
2019-06-13,78.50220489501953,78.6469497680664,77.35682678222656,78.54625701904297,75.53278350830078,7317000,78.63795716421944,82.5163525965076,78.26575,-0.10655680943399111,1
2019-06-14,79.3643798828125,79.60981750488281,78.615478515625,78.85462188720703,75.8293228149414,4873100,78.63481052943638,82.33773158629782,78.1145,-0.13743006449753284,1
2019-06-17,79.11894226074219,79.27627563476562,77.47640228271484,78.18124389648438,75.1817855834961,5317500,78.62815764290946,82.13497608923375,77.88242,-0.16947615944395006,1
2019-06-18,78.7035903930664,79.91189575195312,78.7035903930664,79.68533325195312,76.62816619873047,7208100,78.61727927071708,82.01548131668348,77.58664,-0.19585489891800237,1
2019-06-19,79.98741149902344,80.169921875,79.49653625488281,79.77344512939453,76.712890625,5172300,78.61179515293666,81.90611369779133,77.275406,-0.20449741750482583,1
2019-06-20,80.74260711669922,81.95091247558594,80.47199249267578,81.83133697509766,78.69183349609375,6906900,78.64483479091099,81.90246605278188,76.99606,-0.19064073844307827,1
2019-06-21,81.69288635253906,82.35368347167969,80.91881561279297,81.02580261230469,77.9172134399414,9087300,78.67189581734793,81.8597019825147,76.81413,-0.15669440017935718,1
2019-06-24,81.88797760009766,82.43549346923828,81.49779510498047,81.92574310302734,78.78262329101562,5842500,78.7122626713344,81.86292350058848,76.75918,-0.125065452019478,1
2019-06-25,81.9320297241211,82.35368347167969,80.99433898925781,81.19571685791016,78.08060455322266,4439800,78.74453811645508,81.83037683509198,76.846214,-0.0925124930785401,1
2019-06-26,81.20830535888672,81.59219360351562,80.37759399414062,80.40277099609375,77.31806945800781,4643800,78.7632381439209,81.76073752587256,77.054405,-0.06408014106170518,1
2019-06-27,80.68596649169922,81.30270385742188,80.40277099609375,81.16425323486328,78.05034637451172,3199400,78.79964915684292,81.73164073118917,77.333405,-0.044256273968592864,1
2019-06-28,81.22089385986328,82.18376159667969,80.64820861816406,81.93832397460938,78.79471588134766,8637400,78.83898206438337,81.7417228406243,77.64274,-0.03484298920297563,1
2019-07-01,82.55506896972656,83.1214599609375,82.34109497070312,82.65576171875,79.48463439941406,6233300,78.89242989676339,81.7863101029719,77.9612,-0.02778931718518744,1
2019-07-02,82.84455871582031,83.2599105834961,82.59282684326172,83.04594421386719,79.8598403930664,5394600,78.94884458269392,81.84775566935704,78.28455,-0.02221994018498856,1
2019-07-03,83.35430908203125,83.74449157714844,82.88861083984375,83.700439453125,80.4892349243164,3237700,79.01209188188825,81.93813048807743,78.61457,-0.009068451884196447,1
2019-07-05,83.54310607910156,83.54310607910156,82.3473892211914,83.41094970703125,80.2108383178711,5636000,79.06998994009835,82.0099753280264,78.95826,0.008335034815253222,1
2019-07-08,82.99559783935547,83.11516571044922,81.9886703491211,82.35997772216797,79.2001953125,5088400,79.12222404479981,82.0270486155455,79.309074,0.030203408790670405,1
2019-07-09,81.87539672851562,82.14600372314453,81.14537811279297,82.05789947509766,78.90970611572266,4803200,79.17432332720075,82.02855353552366,79.63543,0.04650618000763421,1
2019-07-10,82.44178771972656,83.2347412109375,81.9320297241211,82.09565734863281,78.9460220336914,3717100,79.24238052368165,82.03182689226068,79.9023,0.05079034522418329,1
2019-07-11,82.08936309814453,82.93895721435547,81.85651397705078,82.65576171875,79.48463439941406,3874100,79.31232572283064,82.06226273745528,80.08689,0.0458532047943794,1
2019-07-12,83.01447296142578,84.21019744873047,82.88861083984375,84.15355682373047,80.92495727539062,5088400,79.40186991010394,82.16427708312725,80.190475,0.03738532125904674,1
2019-07-15,83.86406707763672,84.2227783203125,83.62492370605469,83.84518432617188,80.62841033935547,3779700,79.50800132751465,82.24627255839772,80.24932,0.03456393757097031,1
2019-07-16,83.92070770263672,84.12837982177734,83.51793670654297,83.82001495361328,80.60421752929688,5085100,79.62941643851144,82.32304048011555,80.293015,0.03615974988348672,1
2019-07-17,83.73819732666016,83.85777282714844,81.85651397705078,81.87539672851562,78.73419952392578,4347600,79.75546161106655,82.3012041995497,80.340385,0.04434740793917488,1
2019-07-18,81.7369384765625,82.66204833984375,81.66142272949219,82.63058471679688,79.46041870117188,4638100,79.86914498465401,82.31727154185444,80.36789,0.04924851375085801,1
2019-07-19,82.84455871582031,83.62492370605469,82.39773559570312,83.3165512084961,80.12007141113281,5138900,79.98885187421526,82.36601689144672,80.3645,0.05038382480966624,1
2019-07-22,83.25361633300781,83.82001495361328,82.78791809082031,83.66897583007812,80.45897674560547,5399400,80.1129640851702,82.42957586406288,80.3382,0.04883242008670474,1
2019-07-23,85.78980255126953,85.90308380126953,83.07740783691406,84.92133331298828,81.66328430175781,12855100,80.24089720589774,82.5511250079129,80.3066,0.04489347140065264,1
2019-07-24,84.56890869140625,86.13593292236328,84.3108901977539,84.48709869384766,81.24571228027344,5684100,80.35754737854003,82.64556274869021,80.30506,0.04487438783480188,1
2019-07-25,84.90874481201172,87.04216766357422,84.89616394042969,85.81497955322266,82.52265167236328,6339600,80.50534924098423,82.80016844647228,80.3505,0.052015646597212944,1
2019-07-26,85.4688491821289,86.01636505126953,85.1416015625,85.3555679321289,82.08086395263672,3521300,80.63395663670131,82.92482207991895,80.46682,0.06936676048798643,1
2019-07-29,85.31151580810547,85.82127380371094,85.19823455810547,85.4122085571289,82.13532257080078,3259600,80.76319334847587,83.04615800563651,80.653534,0.09214281430064201,1
2019-07-30,85.19823455810547,85.4122085571289,84.60667419433594,85.14788818359375,81.88114166259766,3584100,80.88186634608678,83.1486814289515,80.895645,0.10836246043858605,1
2019-07-31,85.11642456054688,85.6072998046875,83.700439453125,84.07803344726562,80.85233306884766,5348700,80.99100952148437,83.19401567374732,81.16502,0.11711023076429856,1
2019-08-01,83.8955307006836,85.2800521850586,82.85713958740234,82.97042083740234,79.78722381591797,4633500,81.0873414175851,83.18310860855975,81.414566,0.11506309734844054,1
2019-08-02,82.71239471435547,82.98930358886719,81.44115447998047,82.32221221923828,79.16387939453125,3443600,81.18111103602818,83.14111366273919,81.5888,0.099202675035334,1
2019-08-05,81.08244323730469,81.13908386230469,78.49591064453125,79.13782501220703,76.1016616821289,6322700,81.24808938162667,82.9458312895425,81.64378,0.07492454063785467,0
2019-08-06,78.9804916381836,81.22089385986328,78.9804916381836,81.05726623535156,77.94745635986328,6042800,81.32783404758999,82.85370616494781,81.51326,0.030443855585214213,0
2019-08-07,80.0,81.88797760009766,78.75393676757812,81.1894302368164,78.0745620727539,6835400,81.40937679835729,82.77252197333165,81.2031,-0.012298277965392623,0
2019-08-08,81.54814147949219,82.87602233886719,81.54814147949219,82.74386596679688,79.5693588256836,4253100,81.49348182678223,82.77112411935434,80.7562,-0.049724721959369306,1
2019-08-09,82.69351959228516,83.08370208740234,81.51667785644531,82.59282684326172,79.42411041259766,3767300,81.57142840794154,82.76242669125226,80.25553,-0.07064118301537271,1
2019-08-12,81.71806335449219,81.95720672607422,80.25802612304688,80.56639099121094,77.47541809082031,4135000,81.647666822161,82.65530299856732,79.77625,-0.07474935138463841,1
2019-08-13,80.4656982421875,82.25928497314453,80.3650131225586,81.15166473388672,78.03823852539062,3813900,81.70120451790946,82.58195479053413,79.34162,-0.07373071225669217,1
2019-08-14,79.98741149902344,80.08810424804688,77.89175415039062,78.22529602050781,75.2241439819336,5337700,81.74049246651786,82.36943485053284,78.96817,-0.06716654565922421,0
2019-08-15,78.0364990234375,78.30081939697266,77.05474853515625,77.87287902832031,75.33069610595703,6295600,81.77613934108189,82.15009066408345,78.61851,-0.06849864639917919,0
2019-08-16,78.65953063964844,79.0937728881836,78.04908752441406,78.69729614257812,76.12818908691406,4023300,81.82095642089844,81.98166166303442,78.25491,-0.09065923570463784,1
2019-08-19,79.75456237792969,80.11957550048828,79.28886413574219,79.69792175292969,77.09615325927734,2896900,81.86051406860352,81.87025971620004,77.87163,-0.11777991879317908,1
2019-08-20,79.2825698852539,80.09439849853516,78.9238510131836,79.72309875488281,77.12051391601562,3161400,81.89449773515973,81.7655201571114,77.49578,-0.14211943936455415,1
2019-08-21,80.49087524414062,80.6922607421875,79.79232025146484,80.13215637207031,77.5162124633789,2732200,81.93612316676548,81.68584387491427,77.160065,-0.15385459190201137,1
2019-08-22,80.5538101196289,80.80553436279297,79.49653625488281,80.52863311767578,77.89974212646484,2593200,81.97648996625628,81.62939456968311,76.89718,-0.14921835043729806,1
2019-08-23,79.72309875488281,80.42794036865234,77.29389190673828,77.67149353027344,75.13587188720703,5532500,81.99572939191546,81.43632622629728,76.73329,-0.1351308320452467,1
2019-08-26,78.65324401855469,79.08747863769531,77.80994415283203,78.97419738769531,76.39605712890625,3325900,82.0169466836112,81.31622238051182,76.63421,-0.12056468767976357,1
2019-08-27,78.94273376464844,79.29515075683594,78.02391815185547,78.39521789550781,75.83597564697266,3459500,82.0313762664795,81.17373435685307,76.579285,-0.11150032012422376,1
2019-08-28,78.25676727294922,79.89930725097656,77.91693115234375,79.84266662597656,77.23617553710938,3252000,82.05902165004186,81.10880422363958,76.54452,-0.11273462999267436,1
2019-08-29,80.56010437011719,81.98237609863281,80.56010437011719,81.50408935546875,78.84335327148438,7271100,82.09057786124093,81.12808642519222,76.534904,-0.11417916995010381,1
2019-08-30,81.9635009765625,82.5676498413086,81.92574310302734,81.9635009765625,79.28777313232422,3702500,82.12438169206892,81.16883835452737,76.584335,-0.10517046266764836,1
2019-09-03,80.97545623779297,81.2964096069336,80.3272476196289,81.16425323486328,78.51461029052734,4028400,82.14681265694755,81.16861469015352,76.72412,-0.08631706424754476,1
2019-09-04,82.24669647216797,82.90119934082031,81.9886703491211,82.47325134277344,79.7808837890625,3585100,82.17661574227469,81.23225550247645,76.95212,-0.06181233946106109,1
2019-09-05,83.75078582763672,84.1409683227539,83.38578033447266,83.71932220458984,80.98628234863281,4231300,82.21662292480468,81.35357582940881,77.26764,-0.025737372904303,1
2019-09-06,84.21019744873047,84.48709869384766,83.79483795166016,84.13467407226562,81.38806915283203,3375500,82.24327937534878,81.48923915832866,77.67564,0.009217419038955042,1
2019-09-09,84.73883056640625,85.21082305908203,84.23536682128906,84.39899444580078,81.64376068115234,3675800,82.26786809648786,81.63117844064438,78.17118,0.04457946674588572,1
2019-09-10,84.3927001953125,84.78288269042969,83.59345245361328,84.27312469482422,81.5219955444336,4552300,82.29250172206334,81.76005386767754,78.735634,0.07238376692480541,1
2019-09-11,84.01510620117188,85.58841705322266,83.75078582763672,85.55695343017578,82.76392364501953,4557000,82.33579041617257,81.94526848048234,79.334045,0.093079360231433,1
2019-09-12,85.87791442871094,86.84078216552734,85.71428680419922,86.50724029541016,83.68318176269531,4805900,82.37934880937848,82.16780369096664,79.94616,0.1157695108658214,1
2019-09-13,86.84707641601562,87.72813415527344,86.50724029541016,86.88483428955078,84.04844665527344,4807500,82.42335673740932,82.3979027445561,80.56417,0.14191382491481963,1
2019-09-16,87.48898315429688,87.48898315429688,86.41912841796875,86.89742279052734,84.06062316894531,3355900,82.4723093850272,82.61739152728641,81.17976,0.16342420709333288,1
2019-09-17,86.46318817138672,86.6834487915039,85.98489379882812,86.34990692138672,83.5309829711914,3369300,82.51865479605539,82.79946544894985,81.77598,0.1807752164291939,1
2019-09-18,86.16740417480469,86.71491241455078,85.55695343017578,86.63310241699219,83.80492401123047,2773500,82.57255210876465,82.98647213031776,82.320755,0.19331822986521946,1
2019-09-19,86.80931091308594,86.85965728759766,86.09817504882812,86.5512924194336,83.72579193115234,3479400,82.62541558401925,83.16036580295756,82.78914,0.20155454676281004,1
2019-09-20,86.59534454345703,87.13656616210938,85.31151580810547,85.31781005859375,82.5325698852539,8439600,82.66960329328265,83.26560698615933,83.16295,0.20384137920023435,1
2019-09-23,84.5877914428711,85.67023468017578,84.3927001953125,85.38074493408203,82.59346771240234,4137500,82.7133415222168,83.3687844470336,83.41314,0.19229716879336134,1
2019-09-24,85.61359405517578,85.71428680419922,84.74512481689453,85.26116943359375,82.47777557373047,4506800,82.7586980002267,83.46109590979263,83.52799,0.1733490001055427,1
2019-09-25,85.5506591796875,86.31214904785156,85.04720306396484,86.11076354980469,83.29964447021484,3357800,82.81430353437152,83.59034798979323,83.51227,0.15204327428166597,1
2019-09-26,86.06671142578125,87.02957916259766,85.90937805175781,86.5512924194336,83.72579193115234,4278500,82.87503356933594,83.73478430343422,83.40002,0.1353693532751346,1
2019-09-27,86.86595153808594,86.99811553955078,85.70799255371094,85.83385467529297,83.03178405761719,3395300,82.92169363839285,83.83717798011025,83.23775,0.12585689357317298,1
2019-09-30,86.31214904785156,86.33731842041016,85.69540405273438,85.9156723022461,83.11092376708984,4079100,82.97496163504464,83.93856794704371,83.05423,0.11778057053085106,1
2019-10-01,86.17998504638672,86.65198516845703,83.83259582519531,84.1976089477539,81.44894409179688,5539000,83.00710225786482,83.95120409341982,82.87138,0.11348240032810064,1
2019-10-02,83.59345245361328,83.700439453125,81.69918060302734,82.10824584960938,79.42778778076172,5175500,83.02319504874093,83.86130369128271,82.67579,0.10619975923176476,0
2019-10-03,82.2907485961914,82.64946746826172,80.95028686523438,82.57394409179688,79.87828063964844,4609000,83.04697461809431,83.7985056620395,82.422066,0.08387177590842645,1
2019-10-04,82.6242904663086,83.8955307006836,82.41032409667969,83.83259582519531,81.09584045410156,3009800,83.07533923557827,83.80016859682759,82.09213,0.05318209654840161,1
2019-10-07,83.56828308105469,84.30459594726562,83.15292358398438,83.5053482055664,80.77928924560547,2662000,83.10311949593681,83.78578711432704,81.71273,0.022290051454290003,1
2019-10-08,82.64946746826172,83.3165512084961,82.02642822265625,82.30963134765625,79.62259674072266,3970900,83.12775317600796,83.71377951595285,81.31742,-0.004025172587061709,1
2019-10-09,82.88231658935547,83.47388458251953,82.51730346679688,83.04594421386719,80.33487701416016,3864400,83.15058877127511,83.68120218414379,80.92065,-0.025519022996489654,1
2019-10-10,83.0081787109375,84.36752319335938,82.63058471679688,84.2794189453125,81.52809143066406,3710600,83.19001159667968,83.71038348956665,80.5476,-0.03825678599659981,1
2019-10-11,85.00314331054688,86.33731842041016,84.95909118652344,85.68282318115234,82.88567352294922,4849400,83.23833492824009,83.8066000598879,80.24074,-0.033985853374140715,1
2019-10-14,85.58841705322266,85.87162017822266,85.1667709350586,85.53807067871094,82.74564361572266,2637700,83.28229784284319,83.89106204129389,80.05379,-0.014910037125637396,1
2019-10-15,85.75833892822266,86.67086029052734,85.67652893066406,85.68282318115234,82.88567352294922,3964000,83.3265754699707,83.97846502372602,80.01481,0.00501504480943252,1
2019-10-16,85.5506591796875,86.356201171875,85.38074493408203,86.03524017333984,83.2265853881836,3339100,83.36901005336216,84.07879551882914,80.126144,0.02478681619465677,1
2019-10-17,86.40654754638672,87.31277465820312,86.3247299194336,86.95405578613281,84.11541748046875,4103700,83.41072540283203,84.2190521172342,80.37224,0.048812887049433075,1
2019-10-18,86.9918212890625,87.12397766113281,85.90937805175781,86.09188079833984,83.28138732910156,5413200,83.42695301600865,84.3104096138735,80.7359,0.07635216031285649,1
2019-10-21,86.95405578613281,87.47640228271484,86.6834487915039,87.06733703613281,84.22499084472656,5951700,83.45594700404575,84.44489387837395,81.17212,0.09347362506787844,1
2019-10-22,88.62177276611328,89.51541900634766,87.4323501586914,88.99308013916016,86.0878677368164,10544200,83.50134844098773,84.66675662280254,81.646965,0.10410620493456285,1
2019-10-23,88.62806701660156,89.01195526123047,87.60855865478516,88.04908752441406,85.1746826171875,5324200,83.53375876290458,84.83174837410067,82.15985,0.11817077969823139,1
2019-10-24,88.4203872680664,90.5223388671875,88.12460327148438,90.2706069946289,87.32368469238281,7235300,83.57745197841099,85.09705855071181,82.687706,0.13352279643219217,1
2019-10-25,90.21397399902344,90.7489013671875,89.87413787841797,89.96853637695312,87.03148651123047,5074100,83.6197067805699,85.3346916154065,83.23857,0.1556251993626412,1
2019-10-28,90.16362762451172,91.0195083618164,89.5594711303711,90.01888275146484,87.0801773071289,3773000,83.66820989336286,85.56318874399471,83.804405,0.17818076033974892,1
2019-10-29,89.64757537841797,90.31466674804688,89.19446563720703,89.3643798828125,86.44705200195312,5647300,83.71469018118722,85.74861270198582,84.36538,0.19823633527737677,1
2019-10-30,89.52171325683594,90.79295349121094,89.3643798828125,90.5223388671875,87.56720733642578,4040100,83.76422718593052,85.98147739297127,84.88349,0.21342870356324753,1
2019-10-31,90.2706069946289,90.5223388671875,89.78602600097656,90.35871887207031,87.40892028808594,4852600,83.80144740513393,86.19500136756146,85.344604,0.22139665681514417,1
2019-11-01,90.86846923828125,92.37885284423828,90.83700561523438,92.30963134765625,89.29615020751953,6444300,83.85597408839635,86.49327600073681,85.736916,0.22177997488186246,1
2019-11-04,92.81938171386719,93.13404846191406,92.13341522216797,92.83197021484375,89.80143737792969,6823100,83.91068055289132,86.8024805965469,86.08713,0.22912129477842078,1
2019-11-05,92.9263687133789,93.49905395507812,92.32221221923828,93.04594421386719,90.0084228515625,6453400,83.964892578125,87.10703979739179,86.42498,0.23641879534744095,1
2019-11-06,93.02706146240234,93.37948608398438,92.59282684326172,93.33543395996094,90.28846740722656,5015600,84.01573317391532,87.41086390288297,86.768265,0.25060012389882136,1
2019-11-07,93.65638732910156,93.98992919921875,93.42353820800781,93.59974670410156,90.54414367675781,4407000,84.06886629377092,87.71276062489363,87.122604,0.26770411706132546,1
2019-11-08,92.80679321289062,93.7822494506836,92.71868896484375,93.69414520263672,90.63545989990234,2701600,84.10869364057268,88.00453548234452,87.484055,0.2850153320858851,1
2019-11-11,93.14034271240234,93.53052520751953,92.84455871582031,93.27879333496094,90.23367309570312,2341200,84.14748714991978,88.26181635320387,87.84026,0.29532768832803535,1
2019-11-12,93.3920669555664,93.79483795166016,93.14034271240234,93.38578033447266,90.33716583251953,2562400,84.18641553606305,88.51176581570479,88.16638,0.2983174583103215,1
2019-11-13,93.0648193359375,93.46129608154297,92.78162384033203,93.33543395996094,90.28846740722656,2926300,84.22026432582311,88.74706670079046,88.442215,0.2907201341063013,1
2019-11-14,92.7942123413086,93.41724395751953,92.7942123413086,93.20956420898438,90.61578369140625,2757500,84.24719052995954,88.9647495060682,88.65378,0.2795281551152913,1
2019-11-15,93.3165512084961,94.2794189453125,93.29766845703125,93.99622344970703,91.38055419921875,3160800,84.27753306797572,89.21018725941644,88.79348,0.2659437903995985,1
2019-11-18,93.8388900756836,93.94587707519531,93.41724395751953,93.8388900756836,91.22760009765625,2948800,84.31138185773577,89.43597764069777,88.876526,0.2539613216600582,1
2019-11-19,94.15985107421875,94.17872619628906,93.36060333251953,93.3731918334961,90.77485656738281,4495700,84.34990566798619,89.62803686961476,88.9176,0.24327236118651263,1
2019-11-20,93.1466293334961,93.5053482055664,91.93832397460938,92.2907485961914,89.72254180908203,4204300,84.372471509661,89.75792524652094,88.9215,0.2327174200568241,1
2019-11-21,92.28445434570312,93.10887145996094,92.07048797607422,92.69981384277344,90.1202163696289,3731100,84.40438739231655,89.90143200731374,88.87403,0.21864628685522464,1
2019-11-22,93.29766845703125,93.47388458251953,92.6242904663086,92.9515380859375,90.36494445800781,3783500,84.4594983782087,90.05021766968564,88.77655,0.20235248264090835,1
2019-11-25,93.49275970458984,93.60604095458984,92.63687896728516,92.83826446533203,90.25482177734375,3818300,84.50647310529436,90.1862199524001,88.64357,0.18619931522292485,1
2019-11-26,92.9515380859375,93.53052520751953,92.76274108886719,93.21585845947266,90.62190246582031,5722600,84.55708896092005,90.33400719664753,88.49122,0.16996067443361557,1
2019-11-27,93.37948608398438,93.80113220214844,92.94525146484375,93.65638732910156,91.05016326904297,2401400,84.60945794241769,90.49607452018188,88.34224,0.1550952414301606,1
2019-11-29,93.47388458251953,93.52423095703125,92.82567596435547,93.35430908203125,90.75650787353516,1575400,84.68308912004743,90.63550059636965,88.22248,0.14743094728049705,1
2019-12-02,93.38578033447266,93.52423095703125,91.17684173583984,91.24606323242188,88.7069320678711,6121900,84.73258116585868,90.66528413959172,88.14284,0.14496095602744563,1
2019-12-03,90.5789794921875,90.7489013671875,89.85525512695312,90.45311737060547,87.93604278564453,5938700,84.77640931265695,90.65493454110458,88.067696,0.1369906308632189,1
2019-12-04,91.214599609375,91.79987335205078,90.81182861328125,90.95028686523438,88.41938018798828,4829100,84.81807975769043,90.66934197154994,87.953865,0.11737808739891975,1
2019-12-05,91.56072998046875,91.61107635498047,90.88105773925781,91.41598510742188,88.87212371826172,3720600,84.86981942313058,90.70576358793393,87.78717,0.09298452335228936,1
2019-12-06,92.59912109375,92.7564468383789,92.01384735107422,92.50472259521484,89.93055725097656,4143900,84.930549458095,90.79351768585006,87.58091,0.06928384439569894,1
2019-12-09,92.44808197021484,92.73127746582031,91.97608184814453,92.0201416015625,89.45945739746094,2403000,84.97635547092983,90.85335299881164,87.376915,0.051859443931324405,1
2019-12-10,91.7369384765625,91.88168334960938,91.47262573242188,91.48521423339844,88.93942260742188,4246700,85.02112759181432,90.88417549805979,87.20327,0.040796197300977624,1
2019-12-11,92.24669647216797,92.74386596679688,91.87539672851562,92.6809310913086,90.10186767578125,3603600,85.09673668997628,90.9718221123646,87.06758,0.037300472125608636,1
2019-12-12,93.07740783691406,94.17243194580078,92.6242904663086,94.0276870727539,91.41114807128906,4327400,85.17769502912249,91.12088869579823,86.9905,0.04680664016532164,1
2019-12-13,93.31025695800781,94.49339294433594,93.31025695800781,93.813720703125,91.20314025878906,3762900,85.26377792358399,91.25224635469222,87.00572,0.06391846226510065,1
2019-12-16,94.22907257080078,94.82064056396484,93.8388900756836,94.05915832519531,91.44173431396484,5162500,85.35363676888602,91.3891688898387,87.12336,0.08002014285844453,1
2019-12-17,93.8955307006836,94.0088119506836,93.10887145996094,93.53052520751953,90.92781066894531,5759100,85.44452956063407,91.49362529557922,87.33695,0.09485397812867476,1
2019-12-18,93.2032699584961,93.52423095703125,92.63058471679688,92.95783233642578,90.37106323242188,6036900,85.54077153887067,91.56505002927906,87.61441,0.10515609376869504,1
2019-12-19,93.33543395996094,93.870361328125,92.63687896728516,93.587158203125,90.98287200927734,4755200,85.6389914376395,91.6636894523935,87.907455,0.11205388324029956,1
2019-12-20,94.96538543701172,94.96538543701172,93.8955307006836,94.07803344726562,91.4600830078125,7252600,85.72943464006697,91.78146233019214,88.18572,0.11521273332615496,1
2019-12-23,94.37381744384766,94.74512481689453,94.12208557128906,94.28571319580078,91.66199493408203,4361300,85.81241585867745,91.90362090900231,88.43746,0.1121946754437008,1
2019-12-24,94.44304656982422,94.60037994384766,94.04656982421875,94.12837982177734,91.509033203125,1596700,85.89287975856236,92.01214573401573,88.660515,0.10738323561062109,1
2019-12-26,94.36752319335938,94.87728118896484,94.24166107177734,94.84581756591797,92.20650482177734,2231200,85.97631051199777,92.15037362825487,88.85152,0.10540126521470326,1
2019-12-27,95.0283203125,95.07237243652344,94.43045806884766,94.57520294189453,91.94342803955078,2928000,86.07641835893904,92.26865798501778,89.02073,0.10779191521504601,1
2019-12-30,94.67589569091797,94.90245056152344,94.13467407226562,94.32347106933594,91.69869232177734,2674600,86.19751875741142,92.36889276961867,89.170494,0.11332588386458481,1
2019-12-31,94.26683807373047,94.5311508178711,93.83259582519531,94.24795532226562,91.62528228759766,3227100,86.31300021580287,92.46055435755267,89.29543,0.11746429243692494,1
